asset_group_id,item,useful_year,useful_year_id
2,"鉄骨鉄筋コンクリート造又は鉄筋コンクリート造のもの,事務所用又は美術館用のもの及び左記以外のもの,,,,,",50,49
2,"鉄骨鉄筋コンクリート造又は鉄筋コンクリート造のもの,住宅用、寄宿舎用、宿泊所用、学校用又は体育館用のもの,,,,,",47,46
2,"鉄骨鉄筋コンクリート造又は鉄筋コンクリート造のもの,飲食店用、貸席用、劇場用、演奏場用、映画館用又は舞踏場用のもの,,,,,",,-1
2,"鉄骨鉄筋コンクリート造又は鉄筋コンクリート造のもの,飲食店用、貸席用、劇場用、演奏場用、映画館用又は舞踏場用のもの,飲食店用又は貸席用のもので、延べ面積のうちに占める木造内装部分の面積が三割を超えるもの,,,,",34,33
2,"鉄骨鉄筋コンクリート造又は鉄筋コンクリート造のもの,飲食店用、貸席用、劇場用、演奏場用、映画館用又は舞踏場用のもの,その他のもの,,,,",41,40
2,"鉄骨鉄筋コンクリート造又は鉄筋コンクリート造のもの,旅館用又はホテル用のもの,,,,,",,-1
2,"鉄骨鉄筋コンクリート造又は鉄筋コンクリート造のもの,旅館用又はホテル用のもの,延べ面積のうちに占める木造内装部分の面積が三割を超えるもの,,,,",31,30
2,"鉄骨鉄筋コンクリート造又は鉄筋コンクリート造のもの,旅館用又はホテル用のもの,その他のもの,,,,",39,38
2,"鉄骨鉄筋コンクリート造又は鉄筋コンクリート造のもの,店舗用のもの,,,,,",39,38
2,"鉄骨鉄筋コンクリート造又は鉄筋コンクリート造のもの,病院用のもの,,,,,",39,38
2,"鉄骨鉄筋コンクリート造又は鉄筋コンクリート造のもの,変電所用、発電所用、送受信所用、停車場用、車庫用、格納庫用、荷扱所用、映画製作ステージ用、屋内スケート場用、魚市場用又はと畜場用のもの,,,,,",38,37
2,"鉄骨鉄筋コンクリート造又は鉄筋コンクリート造のもの,公衆浴場用のもの,,,,,",31,30
2,"鉄骨鉄筋コンクリート造又は鉄筋コンクリート造のもの,工場（作業場を含む。）用又は倉庫用のもの,,,,,",,-1
2,"鉄骨鉄筋コンクリート造又は鉄筋コンクリート造のもの,工場（作業場を含む。）用又は倉庫用のもの,塩素、塩酸、硫酸、硝酸その他の著しい腐食性を有する液体又は気体の影響を直接全面的に受けるもの、冷蔵倉庫用のもの（倉庫事業の倉庫用のものを除く。）及び放射性同位元素の放射線を直接受けるもの,,,,",24,23
2,"鉄骨鉄筋コンクリート造又は鉄筋コンクリート造のもの,工場（作業場を含む。）用又は倉庫用のもの,塩、チリ硝石その他の著しい潮解性を有する固体を常時蔵置するためのもの及び著しい蒸気の影響を直接全面的に受けるもの,,,,",31,30
2,"鉄骨鉄筋コンクリート造又は鉄筋コンクリート造のもの,工場（作業場を含む。）用又は倉庫用のもの,その他のもの,,,,",,-1
2,"鉄骨鉄筋コンクリート造又は鉄筋コンクリート造のもの,工場（作業場を含む。）用又は倉庫用のもの,その他のもの,倉庫事業の倉庫用のもの,,,",,-1
2,"鉄骨鉄筋コンクリート造又は鉄筋コンクリート造のもの,工場（作業場を含む。）用又は倉庫用のもの,その他のもの,倉庫事業の倉庫用のもの,冷蔵倉庫用のもの,,",21,20
2,"鉄骨鉄筋コンクリート造又は鉄筋コンクリート造のもの,工場（作業場を含む。）用又は倉庫用のもの,その他のもの,倉庫事業の倉庫用のもの,その他のもの,,",31,30
2,"鉄骨鉄筋コンクリート造又は鉄筋コンクリート造のもの,工場（作業場を含む。）用又は倉庫用のもの,その他のもの,その他のもの,,,",38,37
2,"れんが造、石造又はブロック造のもの,事務所用又は美術館用のもの及び左記以外のもの,,,,,",41,40
2,"れんが造、石造又はブロック造のもの,店舗用、住宅用、寄宿舎用、宿泊所用、学校用又は体育館用のもの,,,,,",38,37
2,"れんが造、石造又はブロック造のもの,飲食店用、貸席用、劇場用、演奏場用、映画館用又は舞踏場用のもの,,,,,",38,37
2,"れんが造、石造又はブロック造のもの,旅館用、ホテル用又は病院用のもの,,,,,",36,35
2,"れんが造、石造又はブロック造のもの,変電所用、発電所用、送受信所用、停車場用、車庫用、格納庫用、荷扱所用、映画製作ステージ用、屋内スケート場用、魚市場用又はと畜場用のもの,,,,,",34,33
2,"れんが造、石造又はブロック造のもの,公衆浴場用のもの,,,,,",30,29
2,"れんが造、石造又はブロック造のもの,工場（作業場を含む。）用又は倉庫用のもの,,,,,",,-1
2,"れんが造、石造又はブロック造のもの,工場（作業場を含む。）用又は倉庫用のもの,塩素、塩酸、硫酸、硝酸その他の著しい腐食性を有する液体又は気体の影響を直接全面的に受けるもの及び冷蔵倉庫用のもの（倉庫事業の倉庫用のものを除く。）,,,,",22,21
2,"れんが造、石造又はブロック造のもの,工場（作業場を含む。）用又は倉庫用のもの,塩、チリ硝石その他の著しい潮解性を有する固体を常時蔵置するためのもの及び著しい蒸気の影響を直接全面的に受けるもの,,,,",28,27
2,"れんが造、石造又はブロック造のもの,工場（作業場を含む。）用又は倉庫用のもの,その他のもの,,,,",,-1
2,"れんが造、石造又はブロック造のもの,工場（作業場を含む。）用又は倉庫用のもの,その他のもの,倉庫事業の倉庫用のもの,,,",,-1
2,"れんが造、石造又はブロック造のもの,工場（作業場を含む。）用又は倉庫用のもの,その他のもの,倉庫事業の倉庫用のもの,冷蔵倉庫用のもの,,",20,19
2,"れんが造、石造又はブロック造のもの,工場（作業場を含む。）用又は倉庫用のもの,その他のもの,倉庫事業の倉庫用のもの,その他のもの,,",30,29
2,"れんが造、石造又はブロック造のもの,工場（作業場を含む。）用又は倉庫用のもの,その他のもの,その他のもの,,,",34,33
2,"金属造のもの（骨格材の肉厚が四ミリメートルを超えるものに限る。）,事務所用又は美術館用のもの及び左記以外のもの,,,,,",38,37
2,"金属造のもの（骨格材の肉厚が四ミリメートルを超えるものに限る。）,店舗用、住宅用、寄宿舎用、宿泊所用、学校用又は体育館用のもの,,,,,",34,33
2,"金属造のもの（骨格材の肉厚が四ミリメートルを超えるものに限る。）,飲食店用、貸席用、劇場用、演奏場用、映画館用又は舞踏場用のもの,,,,,",31,30
2,"金属造のもの（骨格材の肉厚が四ミリメートルを超えるものに限る。）,変電所用、発電所用、送受信所用、停車場用、車庫用、格納庫用、荷扱所用、映画製作ステージ用、屋内スケート場用、魚市場用又はと畜場用のもの,,,,,",31,30
2,"金属造のもの（骨格材の肉厚が四ミリメートルを超えるものに限る。）,旅館用、ホテル用又は病院用のもの,,,,,",29,28
2,"金属造のもの（骨格材の肉厚が四ミリメートルを超えるものに限る。）,公衆浴場用のもの,,,,,",27,26
2,"金属造のもの（骨格材の肉厚が四ミリメートルを超えるものに限る。）,工場（作業場を含む。）用又は倉庫用のもの,,,,,",,-1
2,"金属造のもの（骨格材の肉厚が四ミリメートルを超えるものに限る。）,工場（作業場を含む。）用又は倉庫用のもの,塩素、塩酸、硫酸、硝酸その他の著しい腐食性を有する液体又は気体の影響を直接全面的に受けるもの、冷蔵倉庫用のもの（倉庫事業の倉庫用のものを除く。）及び放射性同位元素の放射線を直接受けるもの,,,,",20,19
2,"金属造のもの（骨格材の肉厚が四ミリメートルを超えるものに限る。）,工場（作業場を含む。）用又は倉庫用のもの,塩、チリ硝石その他の著しい潮解性を有する固体を常時蔵置するためのもの及び著しい蒸気の影響を直接全面的に受けるもの,,,,",25,24
2,"金属造のもの（骨格材の肉厚が四ミリメートルを超えるものに限る。）,工場（作業場を含む。）用又は倉庫用のもの,その他のもの,,,,",,-1
2,"金属造のもの（骨格材の肉厚が四ミリメートルを超えるものに限る。）,工場（作業場を含む。）用又は倉庫用のもの,その他のもの,倉庫事業の倉庫用のもの,,,",,-1
2,"金属造のもの（骨格材の肉厚が四ミリメートルを超えるものに限る。）,工場（作業場を含む。）用又は倉庫用のもの,その他のもの,倉庫事業の倉庫用のもの,冷蔵倉庫用のもの,,",19,18
2,"金属造のもの（骨格材の肉厚が四ミリメートルを超えるものに限る。）,工場（作業場を含む。）用又は倉庫用のもの,その他のもの,倉庫事業の倉庫用のもの,その他のもの,,",26,25
2,"金属造のもの（骨格材の肉厚が四ミリメートルを超えるものに限る。）,工場（作業場を含む。）用又は倉庫用のもの,その他のもの,その他のもの,,,",31,30
2,"金属造のもの（骨格材の肉厚が三ミリメートルを超え四ミリメートル以下のものに限る。）,事務所用又は美術館用のもの及び左記以外のもの,,,,,",30,29
2,"金属造のもの（骨格材の肉厚が三ミリメートルを超え四ミリメートル以下のものに限る。）,店舗用、住宅用、寄宿舎用、宿泊所用、学校用又は体育館用のもの,,,,,",27,26
2,"金属造のもの（骨格材の肉厚が三ミリメートルを超え四ミリメートル以下のものに限る。）,飲食店用、貸席用、劇場用、演奏場用、映画館用又は舞踏場用のもの,,,,,",25,24
2,"金属造のもの（骨格材の肉厚が三ミリメートルを超え四ミリメートル以下のものに限る。）,変電所用、発電所用、送受信所用、停車場用、車庫用、格納庫用、荷扱所用、映画製作ステージ用、屋内スケート場用、魚市場用又はと畜場用のもの,,,,,",25,24
2,"金属造のもの（骨格材の肉厚が三ミリメートルを超え四ミリメートル以下のものに限る。）,旅館用、ホテル用又は病院用のもの,,,,,",24,23
2,"金属造のもの（骨格材の肉厚が三ミリメートルを超え四ミリメートル以下のものに限る。）,公衆浴場用のもの,,,,,",19,18
2,"金属造のもの（骨格材の肉厚が三ミリメートルを超え四ミリメートル以下のものに限る。）,工場（作業場を含む。）用又は倉庫用のもの,,,,,",,-1
2,"金属造のもの（骨格材の肉厚が三ミリメートルを超え四ミリメートル以下のものに限る。）,工場（作業場を含む。）用又は倉庫用のもの,塩素、塩酸、硫酸、硝酸その他の著しい腐食性を有する液体又は気体の影響を直接全面的に受けるもの及び冷蔵倉庫用のもの,,,,",15,14
2,"金属造のもの（骨格材の肉厚が三ミリメートルを超え四ミリメートル以下のものに限る。）,工場（作業場を含む。）用又は倉庫用のもの,塩、チリ硝石その他の著しい潮解性を有する固体を常時蔵置するためのもの及び著しい蒸気の影響を直接全面的に受けるもの,,,,",19,18
2,"金属造のもの（骨格材の肉厚が三ミリメートルを超え四ミリメートル以下のものに限る。）,工場（作業場を含む。）用又は倉庫用のもの,その他のもの,,,,",24,23
2,"金属造のもの（骨格材の肉厚が三ミリメートル以下のものに限る。）,事務所用又は美術館用のもの及び左記以外のもの,,,,,",22,21
2,"金属造のもの（骨格材の肉厚が三ミリメートル以下のものに限る。）,店舗用、住宅用、寄宿舎用、宿泊所用、学校用又は体育館用のもの,,,,,",19,18
2,"金属造のもの（骨格材の肉厚が三ミリメートル以下のものに限る。）,飲食店用、貸席用、劇場用、演奏場用、映画館用又は舞踏場用のもの,,,,,",19,18
2,"金属造のもの（骨格材の肉厚が三ミリメートル以下のものに限る。）,変電所用、発電所用、送受信所用、停車場用、車庫用、格納庫用、荷扱所用、映画製作ステージ用、屋内スケート場用、魚市場用又はと畜場用のもの,,,,,",19,18
2,"金属造のもの（骨格材の肉厚が三ミリメートル以下のものに限る。）,旅館用、ホテル用又は病院用のもの,,,,,",17,16
2,"金属造のもの（骨格材の肉厚が三ミリメートル以下のものに限る。）,公衆浴場用のもの,,,,,",15,14
2,"金属造のもの（骨格材の肉厚が三ミリメートル以下のものに限る。）,工場（作業場を含む。）用又は倉庫用のもの,,,,,",,-1
2,"金属造のもの（骨格材の肉厚が三ミリメートル以下のものに限る。）,工場（作業場を含む。）用又は倉庫用のもの,塩素、塩酸、硫酸、硝酸その他の著しい腐食性を有する液体又は気体の影響を直接全面的に受けるもの及び冷蔵倉庫用のもの,,,,",12,11
2,"金属造のもの（骨格材の肉厚が三ミリメートル以下のものに限る。）,工場（作業場を含む。）用又は倉庫用のもの,塩、チリ硝石その他の著しい潮解性を有する固体を常時蔵置するためのもの及び著しい蒸気の影響を直接全面的に受けるもの,,,,",14,13
2,"金属造のもの（骨格材の肉厚が三ミリメートル以下のものに限る。）,工場（作業場を含む。）用又は倉庫用のもの,その他のもの,,,,",17,16
2,"木造又は合成樹脂造のもの,事務所用又は美術館用のもの及び左記以外のもの,,,,,",24,23
2,"木造又は合成樹脂造のもの,店舗用、住宅用、寄宿舎用、宿泊所用、学校用又は体育館用のもの,,,,,",22,21
2,"木造又は合成樹脂造のもの,飲食店用、貸席用、劇場用、演奏場用、映画館用又は舞踏場用のもの,,,,,",20,19
2,"木造又は合成樹脂造のもの,変電所用、発電所用、送受信所用、停車場用、車庫用、格納庫用、荷扱所用、映画製作ステージ用、屋内スケート場用、魚市場用又はと畜場用のもの,,,,,",17,16
2,"木造又は合成樹脂造のもの,旅館用、ホテル用又は病院用のもの,,,,,",17,16
2,"木造又は合成樹脂造のもの,公衆浴場用のもの,,,,,",12,11
2,"木造又は合成樹脂造のもの,工場（作業場を含む。）用又は倉庫用のもの,,,,,",,-1
2,"木造又は合成樹脂造のもの,工場（作業場を含む。）用又は倉庫用のもの,塩素、塩酸、硫酸、硝酸その他の著しい腐食性を有する液体又は気体の影響を直接全面的に受けるもの及び冷蔵倉庫用のもの,,,,",9,8
2,"木造又は合成樹脂造のもの,工場（作業場を含む。）用又は倉庫用のもの,塩、チリ硝石その他の著しい潮解性を有する固体を常時蔵置するためのもの及び著しい蒸気の影響を直接全面的に受けるもの,,,,",11,10
2,"木造又は合成樹脂造のもの,工場（作業場を含む。）用又は倉庫用のもの,その他のもの,,,,",15,14
2,"木骨モルタル造のもの,事務所用又は美術館用のもの及び左記以外のもの,,,,,",22,21
2,"木骨モルタル造のもの,店舗用、住宅用、寄宿舎用、宿泊所用、学校用又は体育館用のもの,,,,,",20,19
2,"木骨モルタル造のもの,飲食店用、貸席用、劇場用、演奏場用、映画館用又は舞踏場用のもの,,,,,",19,18
2,"木骨モルタル造のもの,変電所用、発電所用、送受信所用、停車場用、車庫用、格納庫用、荷扱所用、映画製作ステージ用、屋内スケート場用、魚市場用又はと畜場用のもの,,,,,",15,14
2,"木骨モルタル造のもの,旅館用、ホテル用又は病院用のもの,,,,,",15,14
2,"木骨モルタル造のもの,公衆浴場用のもの,,,,,",11,10
2,"木骨モルタル造のもの,工場（作業場を含む。）用又は倉庫用のもの,,,,,",,-1
2,"木骨モルタル造のもの,工場（作業場を含む。）用又は倉庫用のもの,塩素、塩酸、硫酸、硝酸その他の著しい腐食性を有する液体又は気体の影響を直接全面的に受けるもの及び冷蔵倉庫用のもの,,,,",7,6
2,"木骨モルタル造のもの,工場（作業場を含む。）用又は倉庫用のもの,塩、チリ硝石その他の著しい潮解性を有する固体を常時蔵置するためのもの及び著しい蒸気の影響を直接全面的に受けるもの,,,,",10,9
2,"木骨モルタル造のもの,工場（作業場を含む。）用又は倉庫用のもの,その他のもの,,,,",14,13
2,"簡易建物,木製主要柱が十センチメートル角以下のもので、土居ぶき、杉皮ぶき、ルーフイングぶき又はトタンぶきのもの,,,,,",10,9
2,"簡易建物,掘立造のもの及び仮設のもの,,,,,",7,6
3,"電気設備（照明設備を含む。）,蓄電池電源設備,,,,,",6,5
3,"電気設備（照明設備を含む。）,その他のもの,,,,,",15,14
3,"給排水又は衛生設備及びガス設備,,,,,,",15,14
3,"冷房、暖房、通風又はボイラー設備,冷暖房設備（冷凍機の出力が二十二キロワット以下のもの）,,,,,",13,12
3,"冷房、暖房、通風又はボイラー設備,その他のもの,,,,,",15,14
3,"昇降機設備,エレベーター,,,,,",17,16
3,"昇降機設備,エスカレーター,,,,,",15,14
3,"消火、排煙又は災害報知設備及び格納式避難設備,,,,,,",8,7
3,"エヤーカーテン又はドアー自動開閉設備,,,,,,",12,11
3,"アーケード又は日よけ設備,主として金属製のもの,,,,,",15,14
3,"アーケード又は日よけ設備,その他のもの,,,,,",8,7
3,"店用簡易装備,,,,,,",3,2
3,"可動間仕切り,簡易なもの,,,,,",3,2
3,"可動間仕切り,その他のもの,,,,,",15,14
3,"前掲のもの以外のもの及び前掲の区分によらないもの,主として金属製のもの,,,,,",18,17
3,"前掲のもの以外のもの及び前掲の区分によらないもの,その他のもの,,,,,",10,9
4,"鉄道業用又は軌道業用のもの,軌条及びその附属品,,,,,",20,19
4,"鉄道業用又は軌道業用のもの,まくら木,,,,,",,-1
4,"鉄道業用又は軌道業用のもの,まくら木,木製のもの,,,,",8,7
4,"鉄道業用又は軌道業用のもの,まくら木,コンクリート製のもの,,,,",20,19
4,"鉄道業用又は軌道業用のもの,まくら木,金属製のもの,,,,",20,19
4,"鉄道業用又は軌道業用のもの,まくら木,分岐器,,,,",15,14
4,"鉄道業用又は軌道業用のもの,まくら木,通信線、信号線及び電灯電力線,,,,",30,29
4,"鉄道業用又は軌道業用のもの,まくら木,信号機,,,,",30,29
4,"鉄道業用又は軌道業用のもの,まくら木,送配電線及びき電線,,,,",40,39
4,"鉄道業用又は軌道業用のもの,まくら木,電車線及び第三軌条,,,,",20,19
4,"鉄道業用又は軌道業用のもの,まくら木,帰線ボンド,,,,",5,4
4,"鉄道業用又は軌道業用のもの,まくら木,電線支持物（電柱及び腕木を除く。）,,,,",30,29
4,"鉄道業用又は軌道業用のもの,まくら木,木柱及び木塔（腕木を含む。）,,,,",,-1
4,"鉄道業用又は軌道業用のもの,まくら木,木柱及び木塔（腕木を含む。）,架空索道用のもの,,,",15,14
4,"鉄道業用又は軌道業用のもの,まくら木,木柱及び木塔（腕木を含む。）,その他のもの,,,",25,24
4,"鉄道業用又は軌道業用のもの,前掲以外のもの,,,,,",,-1
4,"鉄道業用又は軌道業用のもの,前掲以外のもの,線路設備,,,,",,-1
4,"鉄道業用又は軌道業用のもの,前掲以外のもの,線路設備,軌道設備,,,",,-1
4,"鉄道業用又は軌道業用のもの,前掲以外のもの,線路設備,軌道設備,道床,,",60,59
4,"鉄道業用又は軌道業用のもの,前掲以外のもの,線路設備,軌道設備,その他のもの,,",16,15
4,"鉄道業用又は軌道業用のもの,土工設備,,,,,",57,56
4,"鉄道業用又は軌道業用のもの,橋りよう,,,,,",,-1
4,"鉄道業用又は軌道業用のもの,橋りよう,鉄筋コンクリート造のもの,,,,",50,49
4,"鉄道業用又は軌道業用のもの,橋りよう,鉄骨造のもの,,,,",40,39
4,"鉄道業用又は軌道業用のもの,橋りよう,その他のもの,,,,",15,14
4,"鉄道業用又は軌道業用のもの,トンネル,,,,,",,-1
4,"鉄道業用又は軌道業用のもの,トンネル,鉄筋コンクリート造のもの,,,,",60,59
4,"鉄道業用又は軌道業用のもの,トンネル,れんが造のもの,,,,",35,34
4,"鉄道業用又は軌道業用のもの,トンネル,その他のもの,,,,",30,29
4,"鉄道業用又は軌道業用のもの,その他のもの,,,,,",21,20
4,"鉄道業用又は軌道業用のもの,停車場設備,,,,,",32,31
4,"鉄道業用又は軌道業用のもの,電路設備,,,,,",,-1
4,"鉄道業用又は軌道業用のもの,電路設備,鉄柱、鉄塔、コンクリート柱及びコンクリート塔,,,,",45,44
4,"鉄道業用又は軌道業用のもの,電路設備,踏切保安又は自動列車停止設備,,,,",12,11
4,"鉄道業用又は軌道業用のもの,電路設備,その他のもの,,,,",19,18
4,"鉄道業用又は軌道業用のもの,その他のもの,,,,,",40,39
4,"その他の鉄道用又は軌道用のもの,軌条及びその附属品並びにまくら木,,,,,",15,14
4,"その他の鉄道用又は軌道用のもの,道床,,,,,",60,59
4,"その他の鉄道用又は軌道用のもの,土工設備,,,,,",50,49
4,"その他の鉄道用又は軌道用のもの,橋りよう,,,,,",,-1
4,"その他の鉄道用又は軌道用のもの,橋りよう,鉄筋コンクリート造のもの,,,,",50,49
4,"その他の鉄道用又は軌道用のもの,橋りよう,鉄骨造のもの,,,,",40,39
4,"その他の鉄道用又は軌道用のもの,橋りよう,その他のもの,,,,",15,14
4,"その他の鉄道用又は軌道用のもの,トンネル,,,,,",,-1
4,"その他の鉄道用又は軌道用のもの,トンネル,鉄筋コンクリート造のもの,,,,",60,59
4,"その他の鉄道用又は軌道用のもの,トンネル,れんが造のもの,,,,",35,34
4,"その他の鉄道用又は軌道用のもの,トンネル,その他のもの,,,,",30,29
4,"その他の鉄道用又は軌道用のもの,その他のもの,,,,,",30,29
4,"発電用又は送配電用のもの,小水力発電用のもの（農山漁村電気導入促進法（昭和二十七年法律第三百五十八号）に基づき建設したものに限る。）,,,,,",30,29
4,"発電用又は送配電用のもの,その他の水力発電用のもの（貯水池、調整池及び水路に限る。）,,,,,",57,56
4,"発電用又は送配電用のもの,汽力発電用のもの（岩壁、さん橋、堤防、防波堤、煙突、その他汽力発電用のものをいう。）,,,,,",41,40
4,"発電用又は送配電用のもの,送電用のもの,,,,,",,-1
4,"発電用又は送配電用のもの,送電用のもの,地中電線路,,,,",25,24
4,"発電用又は送配電用のもの,送電用のもの,塔、柱、がい子、送電線、地線及び添加電話線,,,,",36,35
4,"発電用又は送配電用のもの,送電用のもの,配電用のもの,,,,",,-1
4,"発電用又は送配電用のもの,送電用のもの,配電用のもの,鉄塔及び鉄柱,,,",50,49
4,"発電用又は送配電用のもの,送電用のもの,配電用のもの,鉄筋コンクリート柱,,,",42,41
4,"発電用又は送配電用のもの,送電用のもの,配電用のもの,木柱,,,",15,14
4,"発電用又は送配電用のもの,送電用のもの,配電用のもの,配電線,,,",30,29
4,"発電用又は送配電用のもの,送電用のもの,配電用のもの,引込線,,,",20,19
4,"発電用又は送配電用のもの,送電用のもの,配電用のもの,添架電話線,,,",30,29
4,"発電用又は送配電用のもの,送電用のもの,配電用のもの,地中電線路,,,",25,24
4,"電気通信事業用のもの,送電用のもの,配電用のもの,通信ケーブル,,,",,-1
4,"電気通信事業用のもの,送電用のもの,配電用のもの,通信ケーブル,光ファイバー製のもの,,",10,9
4,"電気通信事業用のもの,送電用のもの,配電用のもの,通信ケーブル,その他のもの,,",13,12
4,"電気通信事業用のもの,地中電線路,,,,,",27,26
4,"電気通信事業用のもの,その他の線路設備,,,,,",21,20
4,"放送用又は無線通信用のもの,鉄塔及び鉄柱,,,,,",,-1
4,"放送用又は無線通信用のもの,鉄塔及び鉄柱,円筒空中線式のもの,,,,",30,29
4,"放送用又は無線通信用のもの,鉄塔及び鉄柱,その他のもの,,,,",40,39
4,"放送用又は無線通信用のもの,鉄筋コンクリート柱,,,,,",42,41
4,"放送用又は無線通信用のもの,木塔及び木柱,,,,,",10,9
4,"放送用又は無線通信用のもの,アンテナ,,,,,",10,9
4,"放送用又は無線通信用のもの,接地線及び放送用配線,,,,,",10,9
4,"農林業用のもの,主としてコンクリート造、れんが造、石造又はブロック造のもの,,,,,",,-1
4,"農林業用のもの,主としてコンクリート造、れんが造、石造又はブロック造のもの,果樹棚又はホップ棚,,,,",14,13
4,"農林業用のもの,主としてコンクリート造、れんが造、石造又はブロック造のもの,その他のもの,,,,",17,16
4,"農林業用のもの,主として金属造のもの,,,,,",14,13
4,"農林業用のもの,主として木造のもの,,,,,",5,4
4,"農林業用のもの,土管を主としたもの,,,,,",10,9
4,"農林業用のもの,その他のもの,,,,,",8,7
4,"広告用のもの,金属造のもの,,,,,",20,19
4,"広告用のもの,その他のもの,,,,,",10,9
4,"競技場用、運動場用、遊園地用又は学校用のもの,スタンド,,,,,",,-1
4,"競技場用、運動場用、遊園地用又は学校用のもの,スタンド,主として鉄骨鉄筋コンクリート造又は鉄筋コンクリート造のもの,,,,",45,44
4,"競技場用、運動場用、遊園地用又は学校用のもの,スタンド,主として鉄骨造のもの,,,,",30,29
4,"競技場用、運動場用、遊園地用又は学校用のもの,スタンド,主として木造のもの,,,,",10,9
4,"競技場用、運動場用、遊園地用又は学校用のもの,スタンド,競輪場用競走路,,,,",,-1
4,"競技場用、運動場用、遊園地用又は学校用のもの,スタンド,競輪場用競走路,コンクリート敷のもの,,,",15,14
4,"競技場用、運動場用、遊園地用又は学校用のもの,スタンド,競輪場用競走路,その他のもの,,,",10,9
4,"競技場用、運動場用、遊園地用又は学校用のもの,ネット設備,,,,,",15,14
4,"競技場用、運動場用、遊園地用又は学校用のもの,野球場、陸上競技場、ゴルフコースその他のスポーツ場の排水その他の土工施設,,,,,",30,29
4,"競技場用、運動場用、遊園地用又は学校用のもの,水泳プール,,,,,",30,29
4,"競技場用、運動場用、遊園地用又は学校用のもの,その他のもの,,,,,",,-1
4,"競技場用、運動場用、遊園地用又は学校用のもの,その他のもの,児童用のもの,,,,",,-1
4,"競技場用、運動場用、遊園地用又は学校用のもの,その他のもの,児童用のもの,すべり台、ぶらんこ、ジヤングルジムその他の遊戯用のもの,,,",10,9
4,"競技場用、運動場用、遊園地用又は学校用のもの,その他のもの,児童用のもの,その他のもの,,,",15,14
4,"競技場用、運動場用、遊園地用又は学校用のもの,その他のもの,その他のもの,,,,",,-1
4,"競技場用、運動場用、遊園地用又は学校用のもの,その他のもの,その他のもの,主として木造のもの,,,",15,14
4,"競技場用、運動場用、遊園地用又は学校用のもの,その他のもの,その他のもの,その他のもの,,,",30,29
4,"緑化施設及び庭園,工場緑化施設,,,,,",7,6
4,"緑化施設及び庭園,その他の緑化施設及び庭園（工場緑化施設に含まれるものを除く。）,,,,,",20,19
4,"舗装道路及び舗装路面,コンクリート敷、ブロック敷、れんが敷又は石敷のもの,,,,,",15,14
4,"舗装道路及び舗装路面,アスファルト敷又は木れんが敷のもの,,,,,",10,9
4,"舗装道路及び舗装路面,ビチューマルス敷のもの,,,,,",3,2
4,"鉄骨鉄筋コンクリート造又は鉄筋コンクリート造のもの（前掲のものを除く。）,水道用ダム,,,,,",80,79
4,"鉄骨鉄筋コンクリート造又は鉄筋コンクリート造のもの（前掲のものを除く。）,トンネル,,,,,",75,74
4,"鉄骨鉄筋コンクリート造又は鉄筋コンクリート造のもの（前掲のものを除く。）,橋,,,,,",60,59
4,"鉄骨鉄筋コンクリート造又は鉄筋コンクリート造のもの（前掲のものを除く。）,岸壁、さん橋、防壁（爆発物用のものを除く。）、堤防、防波堤、塔、やぐら、上水道、水そう及び用水用ダム,,,,,",50,49
4,"鉄骨鉄筋コンクリート造又は鉄筋コンクリート造のもの（前掲のものを除く。）,乾ドツク,,,,,",45,44
4,"鉄骨鉄筋コンクリート造又は鉄筋コンクリート造のもの（前掲のものを除く。）,サイロ,,,,,",35,34
4,"鉄骨鉄筋コンクリート造又は鉄筋コンクリート造のもの（前掲のものを除く。）,下水道、煙突及び焼却炉,,,,,",35,34
4,"鉄骨鉄筋コンクリート造又は鉄筋コンクリート造のもの（前掲のものを除く。）,高架道路、製塩用ちんでん池、飼育場及びへい,,,,,",30,29
4,"鉄骨鉄筋コンクリート造又は鉄筋コンクリート造のもの（前掲のものを除く。）,爆発物用防壁及び防油堤,,,,,",25,24
4,"鉄骨鉄筋コンクリート造又は鉄筋コンクリート造のもの（前掲のものを除く。）,造船台,,,,,",24,23
4,"鉄骨鉄筋コンクリート造又は鉄筋コンクリート造のもの（前掲のものを除く。）,放射性同位元素の放射線を直接受けるもの,,,,,",15,14
4,"鉄骨鉄筋コンクリート造又は鉄筋コンクリート造のもの（前掲のものを除く。）,その他のもの,,,,,",60,59
4,"コンクリート造又はコンクリートブロツク造のもの（前掲のものを除く。）,やぐら及び用水池,,,,,",40,39
4,"コンクリート造又はコンクリートブロツク造のもの（前掲のものを除く。）,サイロ,,,,,",34,33
4,"コンクリート造又はコンクリートブロツク造のもの（前掲のものを除く。）,岸壁、さん橋、防壁（爆発物用のものを除く。）、堤防、防波堤、トンネル、上水道及び水そう,,,,,",30,29
4,"コンクリート造又はコンクリートブロツク造のもの（前掲のものを除く。）,下水道、飼育場及びへい,,,,,",15,14
4,"コンクリート造又はコンクリートブロツク造のもの（前掲のものを除く。）,爆発物用防壁,,,,,",13,12
4,"コンクリート造又はコンクリートブロツク造のもの（前掲のものを除く。）,引湯管,,,,,",10,9
4,"コンクリート造又はコンクリートブロツク造のもの（前掲のものを除く。）,鉱業用廃石捨場,,,,,",5,4
4,"コンクリート造又はコンクリートブロツク造のもの（前掲のものを除く。）,その他のもの,,,,,",40,39
4,"れんが造のもの（前掲のものを除く。）,防壁（爆発物用のものを除く。）、堤防、防波堤及びトンネル,,,,,",50,49
4,"れんが造のもの（前掲のものを除く。）,煙突、煙道、焼却炉、へい及び爆発物用防壁,,,,,",,-1
4,"れんが造のもの（前掲のものを除く。）,煙突、煙道、焼却炉、へい及び爆発物用防壁,塩素、クロールスルホン酸その他の著しい腐食性を有する気体の影響を受けるもの,,,,",7,6
4,"れんが造のもの（前掲のものを除く。）,煙突、煙道、焼却炉、へい及び爆発物用防壁,その他のもの,,,,",25,24
4,"れんが造のもの（前掲のものを除く。）,その他のもの,,,,,",40,39
4,"石造のもの（前掲のものを除く。）,岸壁、さん橋、防壁（爆発物用のものを除く。）、堤防、防波堤、上水道及び用水池,,,,,",50,49
4,"石造のもの（前掲のものを除く。）,乾ドック,,,,,",45,44
4,"石造のもの（前掲のものを除く。）,下水道、へい及び爆発物用防壁,,,,,",35,34
4,"石造のもの（前掲のものを除く。）,その他のもの,,,,,",50,49
4,"土造のもの（前掲のものを除く。）,防壁（爆発物用のものを除く。）、堤防、防波堤及び自動車道,,,,,",40,39
4,"土造のもの（前掲のものを除く。）,上水道及び用水池,,,,,",30,29
4,"土造のもの（前掲のものを除く。）,下水道,,,,,",15,14
4,"土造のもの（前掲のものを除く。）,へい,,,,,",20,19
4,"土造のもの（前掲のものを除く。）,爆発物用防壁及び防油堤,,,,,",17,16
4,"土造のもの（前掲のものを除く。）,その他のもの,,,,,",40,39
4,"金属造のもの（前掲のものを除く。）,橋（はね上げ橋を除く。）,,,,,",45,44
4,"金属造のもの（前掲のものを除く。）,はね上げ橋及び鋼矢板岸壁,,,,,",25,24
4,"金属造のもの（前掲のものを除く。）,サイロ,,,,,",22,21
4,"金属造のもの（前掲のものを除く。）,送配管,,,,,",,-1
4,"金属造のもの（前掲のものを除く。）,送配管,鋳鉄製のもの,,,,",30,29
4,"金属造のもの（前掲のものを除く。）,送配管,鋼鉄製のもの,,,,",15,14
4,"金属造のもの（前掲のものを除く。）,送配管,ガス貯そう,,,,",,-1
4,"金属造のもの（前掲のものを除く。）,送配管,ガス貯そう,液化ガス用のもの,,,",10,9
4,"金属造のもの（前掲のものを除く。）,送配管,ガス貯そう,その他のもの,,,",20,19
4,"金属造のもの（前掲のものを除く。）,薬品貯そう,,,,,",,-1
4,"金属造のもの（前掲のものを除く。）,薬品貯そう,塩酸、ふつ酸、発煙硫酸、濃硝酸その他の発煙性を有する無機酸用のもの,,,,",8,7
4,"金属造のもの（前掲のものを除く。）,薬品貯そう,有機酸用又は硫酸、硝酸その他前掲のもの以外の無機酸用のもの,,,,",10,9
4,"金属造のもの（前掲のものを除く。）,薬品貯そう,アルカリ類用、塩水用、アルコール用その他のもの,,,,",15,14
4,"金属造のもの（前掲のものを除く。）,薬品貯そう,水そう及び油そう,,,,",,-1
4,"金属造のもの（前掲のものを除く。）,薬品貯そう,水そう及び油そう,鋳鉄製のもの,,,",25,24
4,"金属造のもの（前掲のものを除く。）,薬品貯そう,水そう及び油そう,鋼鉄製のもの,,,",15,14
4,"金属造のもの（前掲のものを除く。）,薬品貯そう,水そう及び油そう,浮きドック,,,",20,19
4,"金属造のもの（前掲のものを除く。）,薬品貯そう,水そう及び油そう,飼育場,,,",15,14
4,"金属造のもの（前掲のものを除く。）,薬品貯そう,水そう及び油そう,つり橋、煙突、焼却炉、打込み井戸、へい、街路灯及びガードレール,,,",10,9
4,"金属造のもの（前掲のものを除く。）,薬品貯そう,水そう及び油そう,露天式立体駐車設備,,,",15,14
4,"金属造のもの（前掲のものを除く。）,薬品貯そう,水そう及び油そう,その他のもの,,,",45,44
4,"合成樹脂造のもの（前掲のものを除く。）,,,,,,",10,9
4,"木造のもの（前掲のものを除く。）,橋、塔、やぐら及びドック,,,,,",15,14
4,"木造のもの（前掲のものを除く。）,岸壁、さん橋、防壁、堤防、防波堤、トンネル、水そう、引湯管及びへい,,,,,",10,9
4,"木造のもの（前掲のものを除く。）,飼育場,,,,,",7,6
4,"木造のもの（前掲のものを除く。）,その他のもの,,,,,",15,14
4,"前掲のもの以外のもの及び前掲の区分によらないもの,主として木造のもの,,,,,",15,14
4,"前掲のもの以外のもの及び前掲の区分によらないもの,その他のもの,,,,,",50,49
5,"船舶法（明治三十二年法律第四十六号）第四条から第十九条までの適用を受ける鋼船,,,,,,",,-1
5,"漁船,,総トン数が五百トン以上のもの,,,,",12,11
5,"漁船,,総トン数が五百トン未満のもの,,,,",9,8
5,"油そう船,,総トン数が二千トン以上のもの,,,,",13,12
5,"油そう船,,総トン数が二千トン未満のもの,,,,",11,10
5,"薬品そう船,,,,,,",10,9
5,"その他のもの,,総トン数が二千トン以上のもの,,,,",15,14
5,"その他のもの,,総トン数が二千トン未満のもの,,,,",,-1
5,"その他のもの,,総トン数が二千トン未満のもの,しゆんせつ船及び砂利採取船,,,",10,9
5,"その他のもの,,総トン数が二千トン未満のもの,カーフェリー,,,",11,10
5,"その他のもの,,総トン数が二千トン未満のもの,その他のもの,,,",14,13
5,"船舶法第四条から第十九条までの適用を受ける木船,,,,,,",,-1
5,"漁船,,,,,,",6,5
5,"薬品そう船,,,,,,",8,7
5,"その他のもの,,,,,,",10,9
5,"船舶法第四条から第十九条までの適用を受ける軽合金船（他の項に掲げるものを除く。）,,,,,,",9,8
5,"船舶法第四条から第十九条までの適用を受ける強化プラスチック船,,,,,,",7,6
5,"船舶法第四条から第十九条までの適用を受ける水中翼船及びホバークラフト,,,,,,",8,7
5,"その他のもの,,,,,,",,-1
5,"鋼船,,,しゆんせつ船及び砂利採取船,,,",7,6
5,"鋼船,,,発電船及びとう載漁船,,,",8,7
5,"鋼船,,,ひき船,,,",10,9
5,"鋼船,,,その他のもの,,,",12,11
5,"木船,とう載漁船,,,,,",4,3
5,"木船,しゆんせつ船及び砂利採取船,,,,,",5,4
5,"木船,動力漁船及びひき船,,,,,",6,5
5,"木船,薬品そう船,,,,,",7,6
5,"木船,その他のもの,,,,,",8,7
5,"その他のもの,モーターボート及びとう載漁船,,,,,",4,3
5,"その他のもの,その他のもの,,,,,",5,4
6,"飛行機,主として金属製のもの,,,,,",,-1
6,"飛行機,主として金属製のもの,最大離陸重量が百三十トンを超えるもの,,,,",10,9
6,"飛行機,主として金属製のもの,最大離陸重量が百三十トン以下のもので、五・七トンを超えるもの,,,,",8,7
6,"飛行機,主として金属製のもの,最大離陸重量が五・七トン以下のもの,,,,",5,4
6,"飛行機,主として金属製のもの,その他のもの,,,,",5,4
6,"その他のもの,ヘリコプター及びグライダー,,,,,",5,4
6,"その他のもの,その他のもの,,,,,",5,4
7,"鉄道用又は軌道用車両（架空索道用搬器を含む。）,電気又は蒸気機関車,,,,,",18,17
7,"鉄道用又は軌道用車両（架空索道用搬器を含む。）,電車,,,,,",13,12
7,"鉄道用又は軌道用車両（架空索道用搬器を含む。）,内燃動車（制御車及び附随車を含む。）,,,,,",11,10
7,"鉄道用又は軌道用車両（架空索道用搬器を含む。）,貨車,,,,,",,-1
7,"鉄道用又は軌道用車両（架空索道用搬器を含む。）,貨車,高圧ボンベ車及び高圧タンク車,,,,",10,9
7,"鉄道用又は軌道用車両（架空索道用搬器を含む。）,貨車,薬品タンク車及び冷凍車,,,,",12,11
7,"鉄道用又は軌道用車両（架空索道用搬器を含む。）,貨車,その他のタンク車及び特殊構造車,,,,",15,14
7,"鉄道用又は軌道用車両（架空索道用搬器を含む。）,貨車,その他のもの,,,,",20,19
7,"鉄道用又は軌道用車両（架空索道用搬器を含む。）,線路建設保守用工作車,,,,,",10,9
7,"鉄道用又は軌道用車両（架空索道用搬器を含む。）,鋼索鉄道用車両,,,,,",15,14
7,"鉄道用又は軌道用車両（架空索道用搬器を含む。）,架空索道用搬器,,,,,",,-1
7,"鉄道用又は軌道用車両（架空索道用搬器を含む。）,架空索道用搬器,閉鎖式のもの,,,,",10,9
7,"鉄道用又は軌道用車両（架空索道用搬器を含む。）,架空索道用搬器,その他のもの,,,,",5,4
7,"鉄道用又は軌道用車両（架空索道用搬器を含む。）,無軌条電車,,,,,",8,7
7,"鉄道用又は軌道用車両（架空索道用搬器を含む。）,その他のもの,,,,,",20,19
7,"特殊自動車（この項には、別表第二に掲げる減価償却資産に含まれるブルドーザー、パワーショベルその他の自走式作業用機械並びにトラクター及び農林業用運搬機具を含まない。）,消防車、救急車、レントゲン車、散水車、放送宣伝車、移動無線車及びチップ製造車,,,,,",5,4
7,"特殊自動車（この項には、別表第二に掲げる減価償却資産に含まれるブルドーザー、パワーショベルその他の自走式作業用機械並びにトラクター及び農林業用運搬機具を含まない。）,モータースィーパー及び除雪車,,,,,",4,3
7,"特殊自動車（この項には、別表第二に掲げる減価償却資産に含まれるブルドーザー、パワーショベルその他の自走式作業用機械並びにトラクター及び農林業用運搬機具を含まない。）,タンク車、じんかい車、し尿車、寝台車、霊きゆう車、トラックミキサー、レッカーその他特殊車体を架装したもの,,,,,",,-1
7,"特殊自動車（この項には、別表第二に掲げる減価償却資産に含まれるブルドーザー、パワーショベルその他の自走式作業用機械並びにトラクター及び農林業用運搬機具を含まない。）,タンク車、じんかい車、し尿車、寝台車、霊きゆう車、トラックミキサー、レッカーその他特殊車体を架装したもの,小型車（じんかい車及びし尿車にあつては積載量が二トン以下、その他のものにあつては総排気量が二リットル以下のものをいう。）,,,,",3,2
7,"特殊自動車（この項には、別表第二に掲げる減価償却資産に含まれるブルドーザー、パワーショベルその他の自走式作業用機械並びにトラクター及び農林業用運搬機具を含まない。）,タンク車、じんかい車、し尿車、寝台車、霊きゆう車、トラックミキサー、レッカーその他特殊車体を架装したもの,その他のもの,,,,",4,3
7,"運送事業用、貸自動車業用又は自動車教習所用の車両及び運搬具（前掲のものを除く。）,自動車（二輪又は三輪自動車を含み、乗合自動車を除く。）,,,,,",,-1
7,"運送事業用、貸自動車業用又は自動車教習所用の車両及び運搬具（前掲のものを除く。）,自動車（二輪又は三輪自動車を含み、乗合自動車を除く。）,小型車（貨物自動車にあつては積載量が二トン以下、その他のものにあつては総排気量が二リットル以下のものをいう。）,,,,",3,2
7,"運送事業用、貸自動車業用又は自動車教習所用の車両及び運搬具（前掲のものを除く。）,自動車（二輪又は三輪自動車を含み、乗合自動車を除く。）,その他のもの,,,,",,-1
7,"運送事業用、貸自動車業用又は自動車教習所用の車両及び運搬具（前掲のものを除く。）,自動車（二輪又は三輪自動車を含み、乗合自動車を除く。）,その他のもの,大型乗用車（総排気量が三リットル以上のものをいう。）,,,",5,4
7,"運送事業用、貸自動車業用又は自動車教習所用の車両及び運搬具（前掲のものを除く。）,自動車（二輪又は三輪自動車を含み、乗合自動車を除く。）,その他のもの,その他のもの,,,",4,3
7,"運送事業用、貸自動車業用又は自動車教習所用の車両及び運搬具（前掲のものを除く。）,乗合自動車,,,,,",5,4
7,"運送事業用、貸自動車業用又は自動車教習所用の車両及び運搬具（前掲のものを除く。）,自転車及びリヤカー,,,,,",2,1
7,"運送事業用、貸自動車業用又は自動車教習所用の車両及び運搬具（前掲のものを除く。）,被けん引車その他のもの,,,,,",4,3
7,"前掲のもの以外のもの,自動車（二輪又は三輪自動車を除く。）,,,,,",,-1
7,"前掲のもの以外のもの,自動車（二輪又は三輪自動車を除く。）,小型車（総排気量が〇・六六リットル以下のものをいう。）,,,,",4,3
7,"前掲のもの以外のもの,自動車（二輪又は三輪自動車を除く。）,その他のもの,,,,",,-1
7,"前掲のもの以外のもの,自動車（二輪又は三輪自動車を除く。）,その他のもの,貨物自動車,,,",,-1
7,"前掲のもの以外のもの,自動車（二輪又は三輪自動車を除く。）,その他のもの,貨物自動車,ダンプ式のもの,,",4,3
7,"前掲のもの以外のもの,自動車（二輪又は三輪自動車を除く。）,その他のもの,貨物自動車,その他のもの,,",5,4
7,"前掲のもの以外のもの,報道通信用のもの,,,,,",5,4
7,"前掲のもの以外のもの,その他のもの,,,,,",6,5
7,"前掲のもの以外のもの,二輪又は三輪自動車,,,,,",3,2
7,"前掲のもの以外のもの,自転車,,,,,",2,1
7,"前掲のもの以外のもの,鉱山用人車、炭車、鉱車及び台車,,,,,",,-1
7,"前掲のもの以外のもの,鉱山用人車、炭車、鉱車及び台車,金属製のもの,,,,",7,6
7,"前掲のもの以外のもの,鉱山用人車、炭車、鉱車及び台車,その他のもの,,,,",4,3
7,"前掲のもの以外のもの,フォークリフト,,,,,",4,3
7,"前掲のもの以外のもの,トロッコ,,,,,",,-1
7,"前掲のもの以外のもの,トロッコ,金属製のもの,,,,",5,4
7,"前掲のもの以外のもの,トロッコ,その他のもの,,,,",3,2
7,"前掲のもの以外のもの,その他のもの,,,,,",,-1
7,"前掲のもの以外のもの,その他のもの,自走能力を有するもの,,,,",7,6
7,"前掲のもの以外のもの,その他のもの,その他のもの,,,,",4,3
8,"測定工具及び検査工具（電気又は電子を利用するものを含む。）,,,,,,",5,4
8,"治具及び取付工具,,,,,,",3,2
8,"ロール,金属圧延用のもの,,,,,",4,3
8,"ロール,なつ染ロール、粉砕ロール、混練ロールその他のもの,,,,,",3,2
8,"型（型枠わくを含む。）、鍛圧工具及び打抜工具,プレスその他の金属加工用金型、合成樹脂、ゴム又はガラス成型用金型及び鋳造用型,,,,,",2,1
8,"型（型枠わくを含む。）、鍛圧工具及び打抜工具,その他のもの,,,,,",3,2
8,"切削工具,,,,,,",2,1
8,"金属製柱及びカッペ,,,,,,",3,2
8,"活字及び活字に常用される金属,購入活字（活字の形状のまま反復使用するものに限る。）,,,,,",2,1
8,"活字及び活字に常用される金属,自製活字及び活字に常用される金属,,,,,",8,7
8,"前掲のもの以外のもの,白金ノズル,,,,,",13,12
8,"前掲のもの以外のもの,その他のもの,,,,,",3,2
8,"前掲の区分によらないもの,白金ノズル,,,,,",13,12
8,"前掲の区分によらないもの,その他の主として金属製のもの,,,,,",8,7
8,"前掲の区分によらないもの,その他のもの,,,,,",4,3
9,"１ 家具、電気機器、ガス機器及び家庭用品（他の項に掲げるものを除く。）,事務机、事務いす及びキャビネット,,,,,",,-1
9,"１ 家具、電気機器、ガス機器及び家庭用品（他の項に掲げるものを除く。）,事務机、事務いす及びキャビネット,主として金属製のもの,,,,",15,14
9,"１ 家具、電気機器、ガス機器及び家庭用品（他の項に掲げるものを除く。）,事務机、事務いす及びキャビネット,その他のもの,,,,",8,7
9,"１ 家具、電気機器、ガス機器及び家庭用品（他の項に掲げるものを除く。）,応接セット,,,,,",,-1
9,"１ 家具、電気機器、ガス機器及び家庭用品（他の項に掲げるものを除く。）,応接セット,接客業用のもの,,,,",5,4
9,"１ 家具、電気機器、ガス機器及び家庭用品（他の項に掲げるものを除く。）,応接セット,その他のもの,,,,",8,7
9,"１ 家具、電気機器、ガス機器及び家庭用品（他の項に掲げるものを除く。）,ベッド,,,,,",8,7
9,"１ 家具、電気機器、ガス機器及び家庭用品（他の項に掲げるものを除く。）,児童用机及びいす,,,,,",5,4
9,"１ 家具、電気機器、ガス機器及び家庭用品（他の項に掲げるものを除く。）,陳列だな及び陳列ケース,,,,,",,-1
9,"１ 家具、電気機器、ガス機器及び家庭用品（他の項に掲げるものを除く。）,陳列だな及び陳列ケース,冷凍機付又は冷蔵機付のもの,,,,",6,5
9,"１ 家具、電気機器、ガス機器及び家庭用品（他の項に掲げるものを除く。）,陳列だな及び陳列ケース,その他のもの,,,,",8,7
9,"１ 家具、電気機器、ガス機器及び家庭用品（他の項に掲げるものを除く。）,その他の家具,,,,,",,-1
9,"１ 家具、電気機器、ガス機器及び家庭用品（他の項に掲げるものを除く。）,その他の家具,接客業用のもの,,,,",5,4
9,"１ 家具、電気機器、ガス機器及び家庭用品（他の項に掲げるものを除く。）,その他の家具,その他のもの,,,,",,-1
9,"１ 家具、電気機器、ガス機器及び家庭用品（他の項に掲げるものを除く。）,その他の家具,その他のもの,主として金属製のもの,,,",15,14
9,"１ 家具、電気機器、ガス機器及び家庭用品（他の項に掲げるものを除く。）,その他の家具,その他のもの,その他のもの,,,",8,7
9,"１ 家具、電気機器、ガス機器及び家庭用品（他の項に掲げるものを除く。）,ラジオ、テレビジョン、テープレコーダーその他の音響機器,,,,,",5,4
9,"１ 家具、電気機器、ガス機器及び家庭用品（他の項に掲げるものを除く。）,冷房用又は暖房用機器,,,,,",6,5
9,"１ 家具、電気機器、ガス機器及び家庭用品（他の項に掲げるものを除く。）,電気冷蔵庫、電気洗濯機その他これらに類する電気又はガス機器,,,,,",6,5
9,"１ 家具、電気機器、ガス機器及び家庭用品（他の項に掲げるものを除く。）,氷冷蔵庫及び冷蔵ストッカー（電気式のものを除く。）,,,,,",4,3
9,"１ 家具、電気機器、ガス機器及び家庭用品（他の項に掲げるものを除く。）,カーテン、座ぶとん、寝具、丹前その他これらに類する繊維製品,,,,,",3,2
9,"１ 家具、電気機器、ガス機器及び家庭用品（他の項に掲げるものを除く。）,じゆうたんその他の床用敷物,,,,,",,-1
9,"１ 家具、電気機器、ガス機器及び家庭用品（他の項に掲げるものを除く。）,じゆうたんその他の床用敷物,小売業用、接客業用、放送用、レコード吹込用又は劇場用のもの,,,,",3,2
9,"１ 家具、電気機器、ガス機器及び家庭用品（他の項に掲げるものを除く。）,じゆうたんその他の床用敷物,その他のもの,,,,",6,5
9,"１ 家具、電気機器、ガス機器及び家庭用品（他の項に掲げるものを除く。）,室内装飾品,,,,,",,-1
9,"１ 家具、電気機器、ガス機器及び家庭用品（他の項に掲げるものを除く。）,室内装飾品,主として金属製のもの,,,,",15,14
9,"１ 家具、電気機器、ガス機器及び家庭用品（他の項に掲げるものを除く。）,室内装飾品,その他のもの,,,,",8,7
9,"１ 家具、電気機器、ガス機器及び家庭用品（他の項に掲げるものを除く。）,食事又はちゆう房用品,,,,,",,-1
9,"１ 家具、電気機器、ガス機器及び家庭用品（他の項に掲げるものを除く。）,食事又はちゆう房用品,陶磁器製又はガラス製のもの,,,,",2,1
9,"１ 家具、電気機器、ガス機器及び家庭用品（他の項に掲げるものを除く。）,食事又はちゆう房用品,その他のもの,,,,",5,4
9,"１ 家具、電気機器、ガス機器及び家庭用品（他の項に掲げるものを除く。）,その他のもの,,,,,",,-1
9,"１ 家具、電気機器、ガス機器及び家庭用品（他の項に掲げるものを除く。）,その他のもの,主として金属製のもの,,,,",15,14
9,"１ 家具、電気機器、ガス機器及び家庭用品（他の項に掲げるものを除く。）,その他のもの,その他のもの,,,,",8,7
9,"２ 事務機器及び通信機器,謄写機器及びタイプライター,,,,,",,-1
9,"２ 事務機器及び通信機器,謄写機器及びタイプライター,孔版印刷又は印書業用のもの,,,,",3,2
9,"２ 事務機器及び通信機器,謄写機器及びタイプライター,その他のもの,,,,",5,4
9,"２ 事務機器及び通信機器,電子計算機,,,,,",,-1
9,"２ 事務機器及び通信機器,電子計算機,パーソナルコンピュータ（サーバー用のものを除く。）,,,,",4,3
9,"２ 事務機器及び通信機器,電子計算機,その他のもの,,,,",5,4
9,"２ 事務機器及び通信機器,複写機、計算機（電子計算機を除く。）、金銭登録機、タイムレコーダーその他これらに類するもの,,,,,",5,4
9,"２ 事務機器及び通信機器,その他の事務機器,,,,,",5,4
9,"２ 事務機器及び通信機器,テレタイプライター及びファクシミリ,,,,,",5,4
9,"２ 事務機器及び通信機器,インターホーン及び放送用設備,,,,,",6,5
9,"２ 事務機器及び通信機器,電話設備その他の通信機器,,,,,",,-1
9,"２ 事務機器及び通信機器,電話設備その他の通信機器,デジタル構内交換設備及びデジタルボタン電話設備,,,,",6,5
9,"２ 事務機器及び通信機器,電話設備その他の通信機器,その他のもの,,,,",10,9
9,"３ 時計、試験機器及び測定機器,時計,,,,,",10,9
9,"３ 時計、試験機器及び測定機器,度量衡器,,,,,",5,4
9,"３ 時計、試験機器及び測定機器,試験又は測定機器,,,,,",5,4
9,"４ 光学機器及び写真製作機器,オペラグラス,,,,,",2,1
9,"４ 光学機器及び写真製作機器,カメラ、映画撮影機、映写機及び望遠鏡,,,,,",5,4
9,"４ 光学機器及び写真製作機器,引伸機、焼付機、乾燥機、顕微鏡その他の機器,,,,,",8,7
9,"５ 看板及び広告器具,看板、ネオンサイン及び気球,,,,,",3,2
9,"５ 看板及び広告器具,マネキン人形及び模型,,,,,",2,1
9,"５ 看板及び広告器具,その他のもの,,,,,",,-1
9,"５ 看板及び広告器具,その他のもの,主として金属製のもの,,,,",10,9
9,"５ 看板及び広告器具,その他のもの,その他のもの,,,,",5,4
9,"６ 容器及び金庫,ボンベ,,,,,",,-1
9,"６ 容器及び金庫,ボンベ,溶接製のもの,,,,",6,5
9,"６ 容器及び金庫,ボンベ,鍛造製のもの,,,,",,-1
9,"６ 容器及び金庫,ボンベ,鍛造製のもの,塩素用のもの,,,",8,7
9,"６ 容器及び金庫,ボンベ,鍛造製のもの,その他のもの,,,",10,9
9,"６ 容器及び金庫,ドラムかん、コンテナーその他の容器,,,,,",,-1
9,"６ 容器及び金庫,ドラムかん、コンテナーその他の容器,大型コンテナー（長さが六メートル以上のものに限る。）,,,,",7,6
9,"６ 容器及び金庫,ドラムかん、コンテナーその他の容器,その他のもの,,,,",,-1
9,"６ 容器及び金庫,ドラムかん、コンテナーその他の容器,その他のもの,金属製のもの,,,",3,2
9,"６ 容器及び金庫,ドラムかん、コンテナーその他の容器,その他のもの,その他のもの,,,",2,1
9,"６ 容器及び金庫,金庫,,,,,",,-1
9,"６ 容器及び金庫,金庫,手さげ金庫,,,,",5,4
9,"６ 容器及び金庫,金庫,その他のもの,,,,",20,19
9,"７ 理容又は美容機器,,,,,,",5,4
9,"８ 医療機器,消毒殺菌用機器,,,,,",4,3
9,"８ 医療機器,手術機器,,,,,",5,4
9,"８ 医療機器,血液透析又は血しよう交換用機器,,,,,",7,6
9,"８ 医療機器,ハバードタンクその他の作動部分を有する機能回復訓練機器,,,,,",6,5
9,"８ 医療機器,調剤機器,,,,,",6,5
9,"８ 医療機器,歯科診療用ユニット,,,,,",7,6
9,"８ 医療機器,光学検査機器,,,,,",,-1
9,"８ 医療機器,光学検査機器,ファイバースコープ,,,,",6,5
9,"８ 医療機器,光学検査機器,その他のもの,,,,",8,7
9,"８ 医療機器,その他のもの,,,,,",,-1
9,"８ 医療機器,その他のもの,レントゲンその他の電子装置を使用する機器,,,,",,-1
9,"８ 医療機器,その他のもの,レントゲンその他の電子装置を使用する機器,移動式のもの、救急医療用のもの及び自動血液分析器,,,",4,3
9,"８ 医療機器,その他のもの,レントゲンその他の電子装置を使用する機器,その他のもの,,,",6,5
9,"８ 医療機器,その他のもの,その他のもの,,,,",,-1
9,"８ 医療機器,その他のもの,その他のもの,陶磁器製又はガラス製のもの,,,",3,2
9,"８ 医療機器,その他のもの,その他のもの,主として金属製のもの,,,",10,9
9,"８ 医療機器,その他のもの,その他のもの,その他のもの,,,",5,4
9,"９ 娯楽又はスポーツ器具及び興行又は演劇用具,たまつき用具,,,,,",8,7
9,"９ 娯楽又はスポーツ器具及び興行又は演劇用具,パチンコ器、ビンゴ器その他これらに類する球戯用具及び射的用具,,,,,",2,1
9,"９ 娯楽又はスポーツ器具及び興行又は演劇用具,ご、しようぎ、まあじやん、その他の遊戯具,,,,,",5,4
9,"９ 娯楽又はスポーツ器具及び興行又は演劇用具,スポーツ具,,,,,",3,2
9,"９ 娯楽又はスポーツ器具及び興行又は演劇用具,劇場用観客いす,,,,,",3,2
9,"９ 娯楽又はスポーツ器具及び興行又は演劇用具,どんちよう及び幕,,,,,",5,4
9,"９ 娯楽又はスポーツ器具及び興行又は演劇用具,衣しよう、かつら、小道具及び大道具,,,,,",2,1
9,"９ 娯楽又はスポーツ器具及び興行又は演劇用具,その他のもの,,,,,",,-1
9,"９ 娯楽又はスポーツ器具及び興行又は演劇用具,その他のもの,主として金属製のもの,,,,",10,9
9,"９ 娯楽又はスポーツ器具及び興行又は演劇用具,その他のもの,その他のもの,,,,",5,4
9,"１０ 生物,植物,,,,,",,-1
9,"１０ 生物,植物,貸付業用のもの,,,,",2,1
9,"１０ 生物,植物,その他のもの,,,,",15,14
9,"１０ 生物,動物,,,,,",,-1
9,"１０ 生物,動物,魚類,,,,",2,1
9,"１０ 生物,動物,鳥類,,,,",4,3
9,"１０ 生物,動物,その他のもの,,,,",8,7
9,"１１ 前掲のもの以外のもの,映画フィルム（スライドを含む。）、磁気テープ及びレコード,,,,,",2,1
9,"１１ 前掲のもの以外のもの,シート及びロープ,,,,,",2,1
9,"１１ 前掲のもの以外のもの,きのこ栽培用ほだ木,,,,,",3,2
9,"１１ 前掲のもの以外のもの,漁具,,,,,",3,2
9,"１１ 前掲のもの以外のもの,葬儀用具,,,,,",3,2
9,"１１ 前掲のもの以外のもの,楽器,,,,,",5,4
9,"１１ 前掲のもの以外のもの,自動販売機（手動のものを含む。）,,,,,",5,4
9,"１１ 前掲のもの以外のもの,無人駐車管理装置,,,,,",5,4
9,"１１ 前掲のもの以外のもの,焼却炉,,,,,",5,4
9,"１１ 前掲のもの以外のもの,その他のもの,,,,,",,-1
9,"１１ 前掲のもの以外のもの,その他のもの,主として金属製のもの,,,,",10,9
9,"１１ 前掲のもの以外のもの,その他のもの,その他のもの,,,,",5,4
9,"１２ 前掲する資産のうち、当該資産について定められている前掲の耐用年数によるもの以外のもの及び前掲の区分によらないもの,主として金属製のもの,,,,,",15,14
9,"１２ 前掲する資産のうち、当該資産について定められている前掲の耐用年数によるもの以外のもの及び前掲の区分によらないもの,その他のもの,,,,,",8,7
10,"食料品製造業用設備,,,,,,",10,9
10,"飲料、たばこ又は飼料製造業用設備,,,,,,",10,9
10,"繊維工業用設備,炭素繊維製造設備,,,,,",,-1
10,"繊維工業用設備,炭素繊維製造設備,黒鉛化炉,,,,",3,2
10,"繊維工業用設備,炭素繊維製造設備,その他の設備,,,,",7,6
10,"繊維工業用設備,炭素繊維製造設備,その他の設備,,,,",7,6
10,"木材又は木製品（家具を除く。）製造業用設備,,,,,,",8,7
10,"家具又は装備品製造業用設備,,,,,,",11,10
10,"パルプ、紙又は紙加工品製造業用設備,,,,,,",12,11
10,"印刷業又は印刷関連業用設備,,デジタル印刷システム設備,,,,",4,3
10,"印刷業又は印刷関連業用設備,,製本業用設備,,,,",7,6
10,"印刷業又は印刷関連業用設備,,新聞業用設備,,,,",,-1
10,"印刷業又は印刷関連業用設備,,新聞業用設備,モノタイプ、写真又は通信設備,,,",3,2
10,"印刷業又は印刷関連業用設備,,新聞業用設備,その他の設備,,,",10,9
10,"印刷業又は印刷関連業用設備,,新聞業用設備,その他の設備,,,",10,9
10,"化学工業用設備,,新聞業用設備,臭素、よう素又は塩素、臭素若しくはよう素化合物製造設備,,,",5,4
10,"化学工業用設備,,新聞業用設備,塩化りん製造設備,,,",4,3
10,"化学工業用設備,,新聞業用設備,活性炭製造設備,,,",5,4
10,"化学工業用設備,,新聞業用設備,ゼラチン又はにかわ製造設備,,,",5,4
10,"化学工業用設備,,新聞業用設備,半導体用フォトレジスト製造設備,,,",5,4
10,"化学工業用設備,,新聞業用設備,フラットパネル用カラーフィルター、偏光板又は偏光板用フィルム製造設備,,,",5,4
10,"化学工業用設備,,新聞業用設備,その他の設備,,,",8,7
10,"石油製品又は石炭製品製造業用設備,,,,,,",7,6
10,"プラスチック製品製造業用設備（他の号に掲げるものを除く。）,,,,,,",8,7
10,"ゴム製品製造業用設備,,,,,,",9,8
10,"なめし革、なめし革製品又は毛皮製造業用設備,,,,,,",9,8
10,"窯業又は土石製品製造業用設備,,,,,,",9,8
10,"鉄鋼業用設備,,,表面処理鋼材若しくは鉄粉製造業又は鉄スクラップ加工処理業用設備,,,",5,4
10,"鉄鋼業用設備,,,純鉄、原鉄、ベースメタル、フェロアロイ、鉄素形材又は鋳鉄管製造業用設備,,,",9,8
10,"鉄鋼業用設備,,,その他の設備,,,",14,13
10,"非鉄金属製造業用設備,,,核燃料物質加工設備,,,",11,10
10,"非鉄金属製造業用設備,,,その他の設備,,,",7,6
10,"金属製品製造業用設備,,,金属被覆及び彫刻業又は打はく及び金属製ネームプレート製造業用設備,,,",6,5
10,"金属製品製造業用設備,,,その他の設備,,,",10,9
10,"はん用機械器具（はん用性を有するもので、他の器具及び備品並びに機械及び装置に組み込み、又は取り付けることによりその用に供されるものをいう。）製造業用設備（第二〇号及び第二二号に掲げるものを除く。）,,,,,,",12,11
10,"生産用機械器具（物の生産の用に供されるものをいう。）製造業用設備（次号及び第二一号に掲げるものを除く。）,,,金属加工機械製造設備,,,",9,8
10,"生産用機械器具（物の生産の用に供されるものをいう。）製造業用設備（次号及び第二一号に掲げるものを除く。）,,,その他の設備,,,",12,11
10,"業務用機械器具（業務用又はサービスの生産の用に供されるもの（これらのものであつて物の生産の用に供されるものを含む。）をいう。）製造業用設備（第一七号、第二一号及び第二三号に掲げるものを除く。）,,,,,,",7,6
10,"電子部品、デバイス又は電子回路製造業用設備,,,光ディスク（追記型又は書換え型のものに限る。）製造設備,,,",6,5
10,"電子部品、デバイス又は電子回路製造業用設備,,,プリント配線基板製造設備,,,",6,5
10,"電子部品、デバイス又は電子回路製造業用設備,,,フラットパネルディスプレイ、半導体集積回路又は半導体素子製造設備,,,",5,4
10,"電子部品、デバイス又は電子回路製造業用設備,,,その他の設備,,,",8,7
10,"電気機械器具製造業用設備,,,,,,",7,6
10,"情報通信機械器具製造業用設備,,,,,,",8,7
10,"輸送用機械器具製造業用設備,,,,,,",9,8
10,"その他の製造業用設備,,,,,,",9,8
10,"農業用設備,,,,,,",7,6
10,"林業用設備,,,,,,",5,4
10,"漁業用設備（次号に掲げるものを除く。）,,,,,,",5,4
10,"水産養殖業用設備,,,,,,",5,4
10,"鉱業、採石業又は砂利採取業用設備,,,石油又は天然ガス鉱業用設備,,,",,-1
10,"鉱業、採石業又は砂利採取業用設備,,,石油又は天然ガス鉱業用設備,坑井設備,,",3,2
10,"鉱業、採石業又は砂利採取業用設備,,,石油又は天然ガス鉱業用設備,掘さく設備,,",6,5
10,"鉱業、採石業又は砂利採取業用設備,,,石油又は天然ガス鉱業用設備,その他の設備,,",12,11
10,"鉱業、採石業又は砂利採取業用設備,,,石油又は天然ガス鉱業用設備,その他の設備,,",6,5
10,"総合工事業用設備,,,,,,",6,5
10,"電気業用設備,,,,電気業用水力発電設備,,",22,21
10,"電気業用設備,,,,その他の水力発電設備,,",20,19
10,"電気業用設備,,,,汽力発電設備,,",15,14
10,"電気業用設備,,,,内燃力又はガスタービン発電設備,,",15,14
10,"電気業用設備,,,,送電又は電気業用変電若しくは配電設備,,",,-1
10,"電気業用設備,,,,送電又は電気業用変電若しくは配電設備,需要者用計器,",15,14
10,"電気業用設備,,,,送電又は電気業用変電若しくは配電設備,柱上変圧器,",18,17
10,"電気業用設備,,,,送電又は電気業用変電若しくは配電設備,その他の設備,",22,21
10,"電気業用設備,,,,送電又は電気業用変電若しくは配電設備,鉄道又は軌道業用変電設備,",15,14
10,"電気業用設備,,,,送電又は電気業用変電若しくは配電設備,その他の設備,",,-1
10,"電気業用設備,,,,,,",17,16
10,"電気業用設備,,,,,,",8,7
10,"ガス業用設備,製造用設備,,,,,",10,9
10,"ガス業用設備,供給用設備,,,,,",,-1
10,"ガス業用設備,供給用設備,鋳鉄製導管,,,,",22,21
10,"ガス業用設備,供給用設備,鋳鉄製導管以外の導管,,,,",13,12
10,"ガス業用設備,供給用設備,需要者用計量器,,,,",13,12
10,"ガス業用設備,供給用設備,その他の設備,,,,",15,14
10,"ガス業用設備,供給用設備,その他の設備,,,,",,-1
10,"ガス業用設備,供給用設備,その他の設備,主として金属製のもの,,,",17,16
10,"ガス業用設備,供給用設備,その他の設備,その他のもの,,,",8,7
10,"熱供給業用設備,,,,,,",17,16
10,"水道業用設備,,,,,,",18,17
10,"通信業用設備,,,,,,",9,8
10,"放送業用設備,,,,,,",6,5
10,"映像、音声又は文字情報制作業用設備,,,,,,",8,7
10,"鉄道業用設備,自動改札装置,,,,,",5,4
10,"鉄道業用設備,その他の設備,,,,,",12,11
10,"道路貨物運送業用設備,,,,,,",12,11
10,"倉庫業用設備,,,,,,",12,11
10,"運輸に附帯するサービス業用設備,,,,,,",10,9
10,"飲食料品卸売業用設備,,,,,,",10,9
10,"建築材料、鉱物又は金属材料等卸売業用設備,石油又は液化石油ガス卸売用設備（貯そうを除く。）,,,,,",13,12
10,"建築材料、鉱物又は金属材料等卸売業用設備,その他の設備,,,,,",8,7
10,"飲食料品小売業用設備,,,,,,",9,8
10,"その他の小売業用設備,ガソリン又は液化石油ガススタンド設備,,,,,",8,7
10,"その他の小売業用設備,その他の設備,,,,,",,-1
10,"その他の小売業用設備,その他の設備,主として金属製のもの,,,,",17,16
10,"その他の小売業用設備,その他の設備,その他のもの,,,,",8,7
10,"技術サービス業用設備（他の号に掲げるものを除く。）,計量証明業用設備,,,,,",8,7
10,"技術サービス業用設備（他の号に掲げるものを除く。）,その他の設備,,,,,",14,13
10,"宿泊業用設備,,,,,,",10,9
10,"飲食店業用設備,,,,,,",8,7
10,"洗濯業、理容業、美容業又は浴場業用設備,,,,,,",13,12
10,"その他の生活関連サービス業用設備,,,,,,",6,5
10,"娯楽業用設備,映画館又は劇場用設備,,,,,",11,10
10,"娯楽業用設備,遊園地用設備,,,,,",7,6
10,"娯楽業用設備,ボウリング場用設備,,,,,",13,12
10,"娯楽業用設備,その他の設備,,,,,",,-1
10,"娯楽業用設備,その他の設備,主として金属製のもの,,,,",17,16
10,"娯楽業用設備,その他の設備,その他のもの,,,,",8,7
10,"教育業（学校教育業を除く。）又は学習支援業用設備,教習用運転シミュレータ設備,,,,,",5,4
10,"教育業（学校教育業を除く。）又は学習支援業用設備,その他の設備,,,,,",,-1
10,"教育業（学校教育業を除く。）又は学習支援業用設備,その他の設備,主として金属製のもの,,,,",17,16
10,"教育業（学校教育業を除く。）又は学習支援業用設備,その他の設備,その他のもの,,,,",8,7
10,"自動車整備業用設備,,,,,,",15,14
10,"その他のサービス業用設備,,,,,,",12,11
10,"前掲の機械及び装置以外のもの並びに前掲の区分によらないもの,機械式駐車設備,,,,,",10,9
10,"前掲の機械及び装置以外のもの並びに前掲の区分によらないもの,ブルドーザー、パワーショベルその他の自走式作業用機械設備,,,,,",8,7
10,"前掲の機械及び装置以外のもの並びに前掲の区分によらないもの,その他の設備,,,,,",,-1
10,"前掲の機械及び装置以外のもの並びに前掲の区分によらないもの,その他の設備,主として金属製のもの,,,,",17,16
10,"前掲の機械及び装置以外のもの並びに前掲の区分によらないもの,その他の設備,その他のもの,,,,",8,7
11,",,,,,,",10,9
12,",,,,,,",55,54
13,",,,,,,",20,19
14,",,,,,,",8,7
15,",,,,,,",5,4
16,",,,,,,",7,6
17,",,,,,,",10,9
18,"複写して販売するための原本,,,,,,",3,2
18,"その他のもの,,,,,,",5,4
19,"種苗法（平成十年法律第八十三号）第四条第二項に規定する品種,,,,,,",10,9
19,"その他,,,,,,",8,7
21,",,,,,,",5,4
22,",,,,,,",30,29
23,",,,,,,",30,29
24,",,,,,,",15,14
26,",,,,,,",15,14
27,",,,,,,",15,14
28,",,,,,,",20,19